state,bea,industry,effect,output,jobs,jobs_per_year,labor_income,value_added
PA,111CA,Farms,Direct,0,0,0,0,0
PA,111CA,Farms,Indirect,0.1929556954901908,1.542985398293058,1.542985398293058,0.037735424488972755,0.07723988593455916
PA,111CA,Farms,Induced,0.4395993957033282,3.5152911498441344,3.5152911498441344,0.08597035583644794,0.175971002539038
PA,113FF,"Forestry, fishing, and related activities",Direct,0,0,0,0,0
PA,113FF,"Forestry, fishing, and related activities",Indirect,0.017943190521928724,0.2876179573724186,0.2876179573724186,0.014029950083278857,0.014029950083278857
PA,113FF,"Forestry, fishing, and related activities",Induced,0.04246330390751153,0.6806598145539783,0.6806598145539783,0.03320245825096709,0.03320245825096709
PA,211,Oil and gas extraction,Direct,0,0,0,0,0
PA,211,Oil and gas extraction,Indirect,0.08014115222658516,0.0253243574422061,0.0253243574422061,0.007484937944601949,0.043025474345982175
PA,211,Oil and gas extraction,Induced,0.3725698171853652,0.11773091552144758,0.11773091552144758,0.0347968788092751,0.20002199451879832
PA,212,"Mining, except oil and gas",Direct,0,0,0,0,0
PA,212,"Mining, except oil and gas",Indirect,0.0825082323642013,0.12133807989729115,0.12133807989729115,0.01858511287312037,0.05012374965460485
PA,212,"Mining, except oil and gas",Induced,0.08535026962479153,0.12551763064411092,0.12551763064411092,0.019225286365682073,0.051850287238516195
PA,213,Support activities for mining,Direct,0,0,0,0,0
PA,213,Support activities for mining,Indirect,0.004802627249817763,0.011055222508754388,0.011055222508754388,0.001781858470921599,0.0033105708913370537
PA,213,Support activities for mining,Induced,0.014782435236749311,0.034027856475789604,0.034027856475789604,0.005484541289031161,0.010189901745906766
PA,22,Utilities,Direct,0,0,0,0,0
PA,22,Utilities,Indirect,0.35025499907496627,0.38362341067500555,0.38362341067500555,0.06230616013401308,0.24426084246918675
PA,22,Utilities,Induced,1.414004642929764,1.5487153224468553,1.5487153224468553,0.2515344533134365,0.9860986031592417
PA,23,Construction,Direct,0,0,0,0,0
PA,23,Construction,Indirect,0.26418666430149107,1.540890732346132,1.540890732346132,0.12225955778882348,0.13804400188869814
PA,23,Construction,Induced,0.47509558147870945,2.7710345653317985,2.7710345653317985,0.21986339035161942,0.24824907616121847
PA,321,Wood products,Direct,0,0,0,0,0
PA,321,Wood products,Indirect,0.2206669929019084,0.7707803033646423,0.7707803033646423,0.06278392307993283,0.08122305359095423
PA,321,Wood products,Induced,0.11970275862439689,0.41811658097462234,0.41811658097462234,0.03405769340986431,0.044060162559320236
PA,327,Nonmetallic mineral products,Direct,0,0,0,0,0
PA,327,Nonmetallic mineral products,Indirect,0.1279289121137078,0.37714792104313644,0.37714792104313644,0.033517436951467854,0.060677819894296596
PA,327,Nonmetallic mineral products,Induced,0.1318197477465107,0.38861851471728476,0.38861851471728476,0.034536837772254025,0.06252327781201643
PA,331,Primary metals,Direct,0,0,0,0,0
PA,331,Primary metals,Indirect,0.32052988665122506,0.418563863612497,0.418563863612497,0.04572285432085294,0.0844320274577896
PA,331,Primary metals,Induced,0.2026571013149986,0.264639719562921,0.264639719562921,0.02890857142003298,0.053382697387475
PA,332,Fabricated metal products,Direct,0,0,0,0,0
PA,332,Fabricated metal products,Indirect,0.6491990067667489,2.4312426087248182,2.4312426087248182,0.20678204647903262,0.28370569361734543
PA,332,Fabricated metal products,Induced,0.3769477874480406,1.4116650095823313,1.4116650095823313,0.12006493246570002,0.1647295087958959
PA,333,Machinery,Direct,0,0,0,0,0
PA,333,Machinery,Indirect,0.07411276293020201,0.20955423054276962,0.20955423054276962,0.021114519543663442,0.03286053199694658
PA,333,Machinery,Induced,0.1359948117076722,0.3845260519034923,0.3845260519034923,0.03874454272259105,0.060298141438167356
PA,334,Computer and electronic products,Direct,0,0,0,0,0
PA,334,Computer and electronic products,Indirect,0.04799789579230992,0.2189472160184024,0.2189472160184024,0.023450994916161153,0.035722872399234044
PA,334,Computer and electronic products,Induced,0.13438054126194524,0.6129903178185345,0.6129903178185345,0.06565615716991001,0.10001394538653069
PA,335,"Electrical equipment, appliances, and components",Direct,0,0,0,0,0
PA,335,"Electrical equipment, appliances, and components",Indirect,0.08679478553330423,0.24873923265420209,0.24873923265420209,0.026230966695258214,0.03929732737903511
PA,335,"Electrical equipment, appliances, and components",Induced,0.17096459668138503,0.48995573096087963,0.48995573096087963,0.05166861827081628,0.0774061677177039
PA,3361MV,"Motor vehicles, bodies and trailers, and parts",Direct,0,0,0,0,0
PA,3361MV,"Motor vehicles, bodies and trailers, and parts",Indirect,0.10030605764270883,0.1824396862740053,0.1824396862740053,0.015400619341385088,0.02277005386205647
PA,3361MV,"Motor vehicles, bodies and trailers, and parts",Induced,0.2546547322297232,0.46317371600496354,0.46317371600496354,0.039098741259694904,0.0578080936024092
PA,3364OT,Other transportation equipment,Direct,0,0,0,0,0
PA,3364OT,Other transportation equipment,Indirect,0.014689909823577787,0.0340037068185245,0.0340037068185245,0.00425264190308071,0.006738724000459208
PA,3364OT,Other transportation equipment,Induced,0.09664646280348647,0.22371396595930818,0.22371396595930818,0.02797857865968413,0.04433477443190472
PA,337,Furniture and related products,Direct,0,0,0,0,0
PA,337,Furniture and related products,Indirect,0.03660910046485758,0.1615178805645494,0.1615178805645494,0.013230614438774761,0.014610529018013666
PA,337,Furniture and related products,Induced,0.15109701372884735,0.6666339545967042,0.6666339545967042,0.05460681377341275,0.0603021455208848
PA,339,Miscellaneous manufacturing,Direct,0,0,0,0,0
PA,339,Miscellaneous manufacturing,Indirect,0.11801126548306606,0.5405650319403166,0.5405650319403166,0.055303211580113885,0.07124780669190532
PA,339,Miscellaneous manufacturing,Induced,0.32335215081457386,1.4811540662457512,1.4811540662457512,0.15153140116058916,0.1952197651668638
PA,311FT,Food and beverage and tobacco products,Direct,0,0,0,0,0
PA,311FT,Food and beverage and tobacco products,Indirect,2.624496341991466,5.753210957503278,5.753210957503278,0.410486730228566,0.7456578126899196
PA,311FT,Food and beverage and tobacco products,Induced,3.157742903741828,6.922151417822313,6.922151417822313,0.49388964226022736,0.8971609634077757
PA,313TT,Textile mills and textile product mills,Direct,0,0,0,0,0
PA,313TT,Textile mills and textile product mills,Indirect,0.06590875576079178,0.32995122004655814,0.32995122004655814,0.022438231015226094,0.022438231015226094
PA,313TT,Textile mills and textile product mills,Induced,0.06375668238349264,0.3191775492607415,0.3191775492607415,0.021705570854308867,0.021705570854308867
PA,315AL,Apparel and leather and allied products,Direct,0,0,0,0,0
PA,315AL,Apparel and leather and allied products,Indirect,0.002720072138334824,0.02328287412364928,0.02328287412364928,0.001417417225247869,0.001417417225247869
PA,315AL,Apparel and leather and allied products,Induced,0.060846471150002225,0.5208246901573074,0.5208246901573074,0.0317068194949999,0.0317068194949999
PA,322,Paper products,Direct,0,0,0,0,0
PA,322,Paper products,Indirect,0.46705505961424115,0.8441378154600254,0.8441378154600254,0.07861060235771065,0.17163386883263018
PA,322,Paper products,Induced,0.3252660264902307,0.5878736294423265,0.5878736294423265,0.05474591858616161,0.1195290905796941
PA,323,Printing and related support activities,Direct,0,0,0,0,0
PA,323,Printing and related support activities,Indirect,0.33938428649848745,1.5246649258359002,1.5246649258359002,0.11323924072003251,0.1675942820195773
PA,323,Printing and related support activities,Induced,0.1266923574965126,0.5691583303378914,0.5691583303378914,0.04227227640959135,0.06256304589426025
PA,324,Petroleum and coal products,Direct,0,0,0,0,0
PA,324,Petroleum and coal products,Indirect,0.17553144114360814,0.04461454507557566,0.04461454507557566,0.006732883822235585,0.050218291765032876
PA,324,Petroleum and coal products,Induced,0.8759894890984068,0.2226488445174741,0.2226488445174741,0.03360045027359959,0.2506143370101748
PA,325,Chemical products,Direct,0,0,0,0,0
PA,325,Chemical products,Indirect,0.4788098633408717,0.4485816352052979,0.4485816352052979,0.0671122992124643,0.2473755916737866
PA,325,Chemical products,Induced,1.6044885120170629,1.5031939303980733,1.5031939303980733,0.2248928465051087,0.8289538820787562
PA,326,Plastics and rubber products,Direct,0,0,0,0,0
PA,326,Plastics and rubber products,Indirect,0.5253676108994619,1.2846767172330946,1.2846767172330946,0.1031038265297299,0.17185947881143043
PA,326,Plastics and rubber products,Induced,0.4513507794522682,1.1036840216979054,1.1036840216979054,0.08857796237006794,0.14764692019174327
PA,42,Wholesale trade,Direct,0,0,0,0,0
PA,42,Wholesale trade,Indirect,1.4266908825548283,3.5933686518287793,3.5933686518287793,0.4042652102671282,0.8302154878469071
PA,42,Wholesale trade,Induced,4.113287532871738,10.360028691086432,10.360028691086432,1.165535624919539,2.3935913921609258
PA,441,Motor vehicle and parts dealers,Direct,0,0,0,0,0
PA,441,Motor vehicle and parts dealers,Indirect,0.03051264206504933,0.14488459108891943,0.14488459108891943,0.010561136742353964,0.020407994355744176
PA,441,Motor vehicle and parts dealers,Induced,1.6360000516258426,7.768294793873927,7.768294793873927,0.5662577569941003,1.094217922800629
PA,445,Food and beverage stores,Direct,0,0,0,0,0
PA,445,Food and beverage stores,Indirect,0.040520108727797995,0.4556127191288391,0.4556127191288391,0.01710943672495994,0.027274931692729112
PA,445,Food and beverage stores,Induced,1.219613200679599,13.713469783111703,13.713469783111703,0.5149762806938907,0.8209471243907621
PA,452,General merchandise stores,Direct,0,0,0,0,0
PA,452,General merchandise stores,Indirect,0.015785661841953413,0.2000475739479108,0.2000475739479108,0.006495937262006043,0.010314943187753405
PA,452,General merchandise stores,Induced,0.994290973456611,12.600390090054523,12.600390090054523,0.40915939087124165,0.6497069939787729
PA,4A0,Other retail,Direct,0,0,0,0,0
PA,4A0,Other retail,Indirect,0.07798294969242081,0.5238832949841973,0.5238832949841973,0.022731932902227026,0.048253110704169155
PA,4A0,Other retail,Induced,4.696084143690385,31.54792226279008,31.54792226279008,1.3689026906346589,2.905771953424954
PA,481,Air transportation,Direct,0,0,0,0,0
PA,481,Air transportation,Indirect,0.060278090719996805,0.13689798731810376,0.13689798731810376,0.017094514175839036,0.032261366079214
PA,481,Air transportation,Induced,0.42497605649471487,0.9651660511737308,0.9651660511737308,0.1205207254471158,0.22745093565029648
PA,482,Rail transportation,Direct,0,0,0,0,0
PA,482,Rail transportation,Indirect,0.0571918580335932,0.097160217608967675,0.097160217608967675,0.022287984817556065,0.03307221182243521
PA,482,Rail transportation,Induced,0.08870358207903714,0.15069381610983656,0.15069381610983656,0.0345682787483344,0.05129442820695806
PA,483,Water transportation,Direct,0,0,0,0,0
PA,483,Water transportation,Indirect,0.005057451035335621,0.0073973107469312025,0.0073973107469312025,8.824565998194596e-4,0.001733592915840616
PA,483,Water transportation,Induced,0.04158291478866856,0.060821496897503706,0.060821496897503706,0.007255654545858719,0.014253790297518111
PA,484,Truck transportation,Direct,0,0,0,0,0
PA,484,Truck transportation,Indirect,0.40845401530665665,2.0036752262502087,2.0036752262502087,0.15082632354269282,0.19786138139242637
PA,484,Truck transportation,Induced,0.8642769325871686,4.239719071299357,4.239719071299357,0.3191441566978127,0.4186689844606339
PA,485,Transit and ground passenger transportation,Direct,0,0,0,0,0
PA,485,Transit and ground passenger transportation,Indirect,0.12166670881171741,2.4055309946107437,2.4055309946107437,0.051362128716744976,0.057532047661532366
PA,485,Transit and ground passenger transportation,Induced,0.326778179931475,6.460888503231582,6.460888503231582,0.13795082568920153,0.15452228474150867
PA,486,Pipeline transportation,Direct,0,0,0,0,0
PA,486,Pipeline transportation,Indirect,0.026754559033428958,0.009303655304521109,0.009303655304521109,0.001482026581603087,0.018301439554544982
PA,486,Pipeline transportation,Induced,0.09872360719965559,0.03433023921855374,0.03433023921855374,0.00546863844471593,0.06753182242748311
PA,487OS,Other transportation and support activities,Direct,0,0,0,0,0
PA,487OS,Other transportation and support activities,Indirect,0.2516758170336278,4.002925276797135,4.002925276797135,0.12229298658063749,0.1496098781061995
PA,487OS,Other transportation and support activities,Induced,0.3638986571427409,5.787839094109625,5.787839094109625,0.17682371758714913,0.21632127544006635
PA,493,Warehousing and storage,Direct,0,0,0,0,0
PA,493,Warehousing and storage,Indirect,0.16280840168009592,1.6785444199898016,1.6785444199898016,0.10139942987225105,0.10635825920086442
PA,493,Warehousing and storage,Induced,0.36026188525117075,3.7142774634663596,3.7142774634663596,0.22437631837299124,0.2353491992816517
PA,511,"Publishing industries, except internet (includes software)",Direct,0,0,0,0,0
PA,511,"Publishing industries, except internet (includes software)",Indirect,0.16704923280965966,0.3765433956425855,0.3765433956425855,0.06103965711128444,0.11333911022300233
PA,511,"Publishing industries, except internet (includes software)",Induced,0.538192977927092,1.2131334458181589,1.2131334458181589,0.19665528706619204,0.3651517113881489
PA,512,Motion picture and sound recording industries,Direct,0,0,0,0,0
PA,512,Motion picture and sound recording industries,Indirect,0.09171742940351495,0.6417001631407674,0.6417001631407674,0.03360689344193297,0.051746091005575055
PA,512,Motion picture and sound recording industries,Induced,0.054561041391589724,0.38173583134430394,0.38173583134430394,0.019992133622290322,0.030782814472337897
PA,513,Broadcasting and telecommunications,Direct,0,0,0,0,0
PA,513,Broadcasting and telecommunications,Indirect,0.3669184779402266,0.3576949539247131,0.3576949539247131,0.03864511385084967,0.19301273962444998
PA,513,Broadcasting and telecommunications,Induced,1.9954078805194935,1.9452477124897039,1.9452477124897039,0.21016320888074935,1.0496586158575156
PA,514,"Data processing, internet publishing, and other information services",Direct,0,0,0,0,0
PA,514,"Data processing, internet publishing, and other information services",Indirect,0.2330018247041152,0.44451501091773543,0.44451501091773543,0.06664166157344924,0.13910017570344654
PA,514,"Data processing, internet publishing, and other information services",Induced,0.4897876831055784,0.9344046021078359,0.9344046021078359,0.14008587727506014,0.29239922418584674
PA,521CI,"Federal Reserve banks, credit intermediation, and related activities",Direct,0,0,0,0,0
PA,521CI,"Federal Reserve banks, credit intermediation, and related activities",Indirect,0.35643753881233975,1.0279924932983373,1.0279924932983373,0.11453110172256165,0.23734760139245276
PA,521CI,"Federal Reserve banks, credit intermediation, and related activities",Induced,1.808888838066089,5.216970560786273,5.216970560786273,0.5812351645330721,1.2045179874463428
PA,523,"Securities, commodity contracts, and investments",Direct,0,0,0,0,0
PA,523,"Securities, commodity contracts, and investments",Indirect,0.5928090775316531,1.309471375471116,1.309471375471116,0.23485618943536563,0.25920736173089026
PA,523,"Securities, commodity contracts, and investments",Induced,1.5650742833394369,3.4571332528381102,3.4571332528381102,0.6200434445080838,0.6843329349585034
PA,524,Insurance carriers and related activities,Direct,0,0,0,0,0
PA,524,Insurance carriers and related activities,Indirect,2.488877242576939,6.465040833896687,6.465040833896687,0.7622392583147273,1.3022475053567113
PA,524,Insurance carriers and related activities,Induced,3.350044297823928,8.701985300958421,8.701985300958421,1.0259787976730053,1.7528332675655558
PA,525,"Funds, trusts, and other financial vehicles",Direct,0,0,0,0,0
PA,525,"Funds, trusts, and other financial vehicles",Indirect,2.2879023248221193e-4,4.48943108385193e-5,4.48943108385193e-5,6.2679534866271635e-6,2.089907573517278e-5
PA,525,"Funds, trusts, and other financial vehicles",Induced,0.10521994809998472,0.020646760157389362,0.020646760157389362,0.0028826131841415237,0.009611422831888152
PA,HS,Housing,Direct,0,0,0,0,0
PA,HS,Housing,Indirect,0.003670574747101206,0,0,2.5125163717870076e-5,0.0033113704656330596
PA,HS,Housing,Induced,9.961162781189145,0,0,0.06818437518412716,8.986358406961363
PA,ORE,Other real estate,Direct,0,0,0,0,0
PA,ORE,Other real estate,Indirect,3.328277985588725,11.443534567505777,11.443534567505777,0.5842784371878696,1.362073596434419
PA,ORE,Other real estate,Induced,2.4002198401035346,8.252615565397091,8.252615565397091,0.42135804255393283,0.98227253973342
PA,532RL,Rental and leasing services and lessors of intangible assets,Direct,0,0,0,0,0
PA,532RL,Rental and leasing services and lessors of intangible assets,Indirect,0.23494456509413475,0.324109462819809,0.324109462819809,0.02448602687504015,0.1251416593085923
PA,532RL,Rental and leasing services and lessors of intangible assets,Induced,0.7220611428299979,0.9960939042446927,0.9960939042446927,0.07525353285645726,0.3846010632329379
PA,5411,Legal services,Direct,0,0,0,0,0
PA,5411,Legal services,Indirect,0.3331134752682017,1.2071919479131845,1.2071919479131845,0.15054573713578762,0.26988418820754434
PA,5411,Legal services,Induced,0.8378725476420226,3.0364217240884126,3.0364217240884126,0.37866417805238967,0.6788333980175676
PA,5415,Computer systems design and related services,Direct,0,0,0,0,0
PA,5415,Computer systems design and related services,Indirect,0.27079521917279,1.30074786752132,1.30074786752132,0.17027992078532764,0.18758658872240064
PA,5415,Computer systems design and related services,Induced,0.26092794638345224,1.253351040951821,1.253351040951821,0.16407523802147297,0.18075128325356898
PA,5412OP,"Miscellaneous professional, scientific, and technical services",Direct,0,0,0,0,0
PA,5412OP,"Miscellaneous professional, scientific, and technical services",Indirect,1.414119306239887,8.665819266708871,8.665819266708871,0.8006434002808619,0.9029510395420348
PA,5412OP,"Miscellaneous professional, scientific, and technical services",Induced,1.7092179296274101,10.474203697107884,10.474203697107884,0.9677217820020065,1.0913789943683485
PA,55,Management of companies and enterprises,Direct,0,0,0,0,0
PA,55,Management of companies and enterprises,Indirect,0.9585189020579109,2.9923997769099566,2.9923997769099566,0.5388511433908032,0.6149364612657005
PA,55,Management of companies and enterprises,Induced,1.3494132823879066,4.212732786497455,4.212732786497455,0.7586004705387949,0.8657142043573579
PA,561,Administrative and support services,Direct,0,0,0,0,0
PA,561,Administrative and support services,Indirect,1.0803419317100367,11.876805210257395,11.876805210257395,0.5300769879868604,0.6554550608261785
PA,561,Administrative and support services,Induced,1.3436590589694688,14.771598180141135,14.771598180141135,0.6592752960466973,0.8152123919067327
PA,562,Waste management and remediation services,Direct,0,0,0,0,0
PA,562,Waste management and remediation services,Indirect,0.18045297791805884,0.6071984627297707,0.6071984627297707,0.05328964558931662,0.08875727694559452
PA,562,Waste management and remediation services,Induced,0.2697493320371117,0.9076679233838528,0.9076679233838528,0.07965978986913694,0.13267842097002622
PA,61,Educational services,Direct,0,0,0,0,0
PA,61,Educational services,Indirect,0.10777478221400331,0.7748922872562549,0.7748922872562549,0.06033582966342284,0.07104455612863542
PA,61,Educational services,Induced,1.4839904907236467,10.66977600882562,10.66977600882562,0.8307861600930934,0.9782385410274461
PA,621,Ambulatory health care services,Direct,0,0,0,0,0
PA,621,Ambulatory health care services,Indirect,0.0031323911823875924,0.021694079010878643,0.021694079010878643,0.001920742816573964,0.0021252952708744077
PA,621,Ambulatory health care services,Induced,5.235527919344023,36.25982507693583,36.25982507693583,3.210359771983343,3.552251963316871
PA,622,Hospitals,Direct,0,0,0,0,0
PA,622,Hospitals,Indirect,0.013689961271328075,0.0666814118285379,0.0666814118285379,0.0061784138862913405,0.007592570969445286
PA,622,Hospitals,Induced,4.1185939339189055,20.06095216918916,20.06095216918916,1.858761865646335,2.284207830675078
PA,623,Nursing and residential care facilities,Direct,0,0,0,0,0
PA,623,Nursing and residential care facilities,Indirect,0.0017637693990660078,0.018289790332510995,0.018289790332510995,0.001001698691964956,0.0010929948323019074
PA,623,Nursing and residential care facilities,Induced,1.1225075951800632,11.640086608468337,11.640086608468337,0.6375064622438872,0.6956096422815502
PA,624,Social assistance,Direct,100,1410.2803389085625,1410.2803389085625,59.1311281060468,59.1311281060468
PA,624,Social assistance,Indirect,2.0757695122597397e-4,0.002927416931245727,0.002927416931245727,1.2274259294805696e-4,1.2274259294805696e-4
PA,624,Social assistance,Induced,1.2093389065847902,17.055068830337085,17.055068830337085,0.7150957380889179,0.7150957380889179
PA,711AS,"Performing arts, spectator sports, museums, and related activities",Direct,0,0,0,0,0
PA,711AS,"Performing arts, spectator sports, museums, and related activities",Indirect,0.29102566357046966,3.563685178727873,3.563685178727873,0.12165122120088404,0.17743013444387623
PA,711AS,"Performing arts, spectator sports, museums, and related activities",Induced,0.6244894300360347,7.647035999465215,7.647035999465215,0.26104193306832585,0.38073358263555035
PA,713,"Amusements, gambling, and recreation industries",Direct,0,0,0,0,0
PA,713,"Amusements, gambling, and recreation industries",Indirect,0.050709849678322955,0.46248027153775406,0.46248027153775406,0.017791884944773885,0.02750980225083998
PA,713,"Amusements, gambling, and recreation industries",Induced,0.7894613721135648,7.1999880113966075,7.1999880113966075,0.27698772506896513,0.428278260915547
PA,721,Accommodation,Direct,0,0,0,0,0
PA,721,Accommodation,Indirect,0.11870422105390407,0.8458621167491515,0.8458621167491515,0.03934658852952053,0.07783146040814741
PA,721,Accommodation,Induced,0.7101224959841768,5.06018835953274,5.06018835953274,0.23538251131236038,0.4656099879213983
PA,722,Food services and drinking places,Direct,0,0,0,0,0
PA,722,Food services and drinking places,Indirect,0.7200601889560598,8.10408935162745,8.10408935162745,0.25803123284668206,0.3700343094249407
PA,722,Food services and drinking places,Induced,3.4023965159621516,38.29308410314823,38.29308410314823,1.2192377541657748,1.7484697313972832
PA,81,"Other services, except government",Direct,0,0,0,0,0
PA,81,"Other services, except government",Indirect,0.27755677369220566,2.6083079769533386,2.6083079769533386,0.14743726463184975,0.1609282384241065
PA,81,"Other services, except government",Induced,2.965719108843022,27.870005498681977,27.870005498681977,1.5753804429183753,1.7195327121653352
PA,GFGD,Federal general government (defense),Direct,0,0,0,0,0
PA,GFGD,Federal general government (defense),Indirect,0.014161806606527688,0.022594850385954914,0.022594850385954914,0.005378896306023291,0.008985692910973316
PA,GFGD,Federal general government (defense),Induced,0.024799431705444144,0.03956694683169423,0.03956694683169423,0.009419248214447758,0.015735286031166484
PA,GFGN,Federal general government (nondefense),Direct,0,0,0,0,0
PA,GFGN,Federal general government (nondefense),Indirect,0.021861140841069125,0.07276673001791614,0.07276673001791614,0.009562097873351926,0.014928860297848089
PA,GFGN,Federal general government (nondefense),Induced,0.02802098678930922,0.09327031902665978,0.09327031902665978,0.012256424316333734,0.019135387317004544
PA,GFE,Federal government enterprises,Direct,0,0,0,0,0
PA,GFE,Federal government enterprises,Indirect,0.1167116771836695,0.8510502092787026,0.8510502092787026,0.0735381915206264,0.0735381915206264
PA,GFE,Federal government enterprises,Induced,0.19426237072259822,1.416542331049433,1.416542331049433,0.12240166338255856,0.12240166338255856
PA,GSLG,State and local general government,Direct,0,0,0,0,0
PA,GSLG,State and local general government,Indirect,0.10993082686511776,0.6847038402836714,0.6847038402836714,0.05983544397652689,0.06880475493895238
PA,GSLG,State and local general government,Induced,1.6170138192282641,10.07156594187938,10.07156594187938,0.880142017929312,1.0120749814918713
PA,GSLE,State and local government enterprises,Direct,0,0,0,0,0
PA,GSLE,State and local government enterprises,Indirect,0.2847961552712908,0.354489976254837,0.354489976254837,0.08423777518923238,0.09973318736746116
PA,GSLE,State and local government enterprises,Induced,1.1433099674102136,1.4230947844541388,1.4230947844541388,0.3381713068231817,0.400377410608616
